-- phpMyAdmin SQL Dump
-- version 5.0.1
-- https://www.phpmyadmin.net/
--
-- Servidor: 127.0.0.1
-- Tiempo de generación: 24-01-2021 a las 06:09:54
-- Versión del servidor: 10.4.11-MariaDB
-- Versión de PHP: 7.4.2

SET SQL_MODE = "NO_AUTO_VALUE_ON_ZERO";
SET AUTOCOMMIT = 0;
START TRANSACTION;
SET time_zone = "+00:00";


/*!40101 SET @OLD_CHARACTER_SET_CLIENT=@@CHARACTER_SET_CLIENT */;
/*!40101 SET @OLD_CHARACTER_SET_RESULTS=@@CHARACTER_SET_RESULTS */;
/*!40101 SET @OLD_COLLATION_CONNECTION=@@COLLATION_CONNECTION */;
/*!40101 SET NAMES utf8mb4 */;

--
-- Base de datos: `vendedor`
--

--
-- Volcado de datos para la tabla `detalle_kardex`
--

INSERT INTO `detalle_kardex` (`id_detalle_kardex`, `id_proveedor`, `id_producto`, `stock_total_kardex`, `precio_kardex`, `estado_kardex`, `stock_parcial_kardex`, `iva_producto`, `descuento_kardex`) VALUES
(1, 1, 3, 100, '5.00', 'Disponible', 0, 'no', '10.00'),
(2, 2, 5, 100, '10.00', 'billetera 600', 0, '1', '20.00'),
(3, 3, 3, 100, '15.00', 'disponible', 0, '1', '20.00');

--
-- Volcado de datos para la tabla `tbl_canton`
--

INSERT INTO `tbl_canton` (`id_canton`, `canton_canton`, `id_provincia`) VALUES
(1, 'Cuenca', 1),
(2, 'Giron', 1),
(3, 'Gualaceo', 1),
(4, 'Nabon', 1),
(5, 'Paute', 1),
(6, 'Pucara', 1),
(7, 'San Fernando', 1),
(8, 'Santa Isabel', 1),
(9, 'Sigsig', 1),
(10, 'O&ntilde;a', 1),
(11, 'Chordeleg', 1),
(12, 'El Pan', 1),
(13, 'Sevilla de Oro', 1),
(14, 'Guachapala', 1),
(15, 'Camilo Ponce Enriquez', 1),
(16, 'Guayaquil', 2),
(17, 'Alfredo Baquerizo Moreno ', 2),
(18, 'Balao', 2),
(19, 'Balzar', 2),
(20, 'Colimes', 2),
(21, 'Daule', 2),
(22, 'Duran', 2),
(23, 'El Empalme', 2),
(24, 'El Triunfo', 2),
(25, 'Milagro', 2),
(26, 'Naranjito', 2),
(27, 'Palestina', 2),
(28, 'Pedro Carbo', 2),
(29, 'Samborondon', 2),
(30, 'Santa Lucia', 2),
(31, 'Urbina Jado', 2),
(32, 'San Jacinto de Yaguachi', 2),
(33, 'Playas', 2),
(34, 'Simon Bolivar', 2),
(35, 'Crnel. Marcelino Mariduena', 2),
(36, 'Guaranda', 3),
(37, 'Chillanes', 3),
(38, 'Chimbo', 3),
(39, 'Echeandia', 3),
(40, 'Nacional', 3),
(41, 'San Miguel', 3),
(42, 'Caluma', 3),
(43, 'Las Naves', 3),
(44, 'Azogues', 4),
(45, 'Biblian', 4),
(46, 'Ca&Ntilde;ar', 4),
(47, 'La Troncal', 4),
(48, 'El Tambo', 4),
(49, 'Deleg', 4),
(50, 'Suscal', 4),
(51, 'Riobamba', 6),
(52, 'Alausi', 6),
(53, 'Colta', 6),
(54, 'Chambo', 6),
(55, 'Chunchi', 6),
(56, 'Guamote', 6),
(57, 'Guano', 6),
(58, 'Pallatanga', 6),
(59, 'Penipe', 6),
(60, 'Cumanda', 6),
(61, 'Latacunga', 7),
(62, 'La Mana', 7),
(63, 'Pangua', 7),
(64, 'Pujili', 7),
(65, 'Salcedo', 7),
(66, 'Saquisili', 7),
(67, 'Sigchos', 7),
(68, 'Machala', 8),
(69, 'Arenillas', 8),
(70, 'Atahualpa', 8),
(71, 'Balsas', 8),
(72, 'Chilla', 8),
(73, 'El Guabo', 8),
(74, 'Huaquillas', 8),
(75, 'Marcabeli', 8),
(76, 'Pasaje', 8),
(77, 'Pi&Ntilde;as', 8),
(78, 'Portovelo', 8),
(79, 'Santa Rosa', 8),
(80, 'Zaruma', 8),
(81, 'Las Lajas', 8),
(82, 'Esmeraldas', 9),
(83, 'Eloy Alfaro', 9),
(84, 'Muisne', 9),
(85, 'Quininde', 9),
(86, 'San Lorenzo', 9),
(87, 'Atacames', 9),
(88, 'Rioverde', 9),
(89, 'La Concordia', 9),
(90, 'Santo Domingo', 21),
(91, 'TULCAN', 5),
(92, 'BOLIVAR', 5),
(93, 'ESPEJO', 5),
(94, 'MIRA', 5),
(95, 'MONTUFAR', 5),
(96, 'SAN PEDRO DE HUACA', 5),
(97, 'IBARRA', 11),
(98, 'ANTONIO ANTE', 11),
(99, 'COTACACHI', 11),
(100, 'OTAVALO', 11),
(101, 'PIMAMPIRO', 11),
(102, 'SAN MIGUEL DE URCUQUI', 11),
(103, 'LOJA', 12),
(104, 'CALVAS', 12),
(105, 'CATAMAYO', 12),
(106, 'CELICA', 12),
(107, 'CHAHUARPAMBA', 12),
(108, 'ESPINDOLA', 12),
(109, 'GONZANAMA', 12),
(110, 'MACARA', 12),
(111, 'PALTAS', 12),
(112, 'PUYANGO', 12),
(113, 'SARAGURO', 12),
(114, 'SOZORANGA', 12),
(115, 'ZAPOTILLO', 12),
(116, 'PINDAL', 12),
(117, 'QUILANGA', 12),
(118, 'OLMEDO', 12),
(119, 'BABAHOYO', 13),
(120, 'BABA', 13),
(121, 'MONTALVO', 13),
(122, 'PUEBLO VIEJO', 13),
(123, 'QUEVEDO', 13),
(124, 'URDANETA', 13),
(125, 'VENTANAS', 13),
(126, 'VINCES', 13),
(127, 'PALENQUE', 13),
(128, 'BUENA FE', 13),
(129, 'VALENCIA', 13),
(130, 'MOCACHE', 13),
(131, 'QUINSALOMA', 13),
(132, 'PORTOVIEJO', 14),
(133, 'BOLIVAR', 14),
(134, 'CHONE', 14),
(135, 'EL CARMEN', 14),
(136, 'FLAVIO ALFARO', 14),
(137, 'JIPIJAPA', 14),
(138, 'JUNIN', 14),
(139, 'MANTA', 14),
(140, 'MONTECRISTI', 14),
(141, 'PAJAN', 14),
(142, 'PICHINCHA', 14),
(143, 'ROCAFUERTE', 14),
(144, 'SANTA ANA', 14),
(145, 'SUCRE', 14),
(146, 'TOSAGUA', 14),
(147, '24 DE MAYO', 14),
(148, 'PEDERNALES', 14),
(149, 'OLMEDO', 14),
(150, 'PUERTO LOPEZ', 14),
(151, 'JAMA', 14),
(152, 'JARAMIJO', 14),
(153, 'SAN VICENTE', 14),
(154, 'MORONA', 15),
(155, 'GUALAQUIZA', 15),
(156, 'LIMON - INDANZA', 15),
(157, 'PALORA', 15),
(158, 'SANTIAGO', 15),
(159, 'SUCUA', 15),
(160, 'HUAMBOYA', 15),
(161, 'SAN JUAN BOSCO', 15),
(162, 'TAISHA', 15),
(163, 'LOGRO&Ntilde;O', 15),
(164, 'PABLO SEXTO', 15),
(165, 'TIWINTZA', 15),
(166, 'TENA', 16),
(167, 'ARCHIDONA', 16),
(168, 'EL CHACO', 16),
(169, 'QUIJOS', 16),
(170, 'CARLOS JULIO AROSEMENA T.', 16),
(171, 'PASTAZA', 18),
(172, 'MERA', 18),
(173, 'SANTA CLARA', 18),
(174, 'ARAJUNO', 18),
(175, 'QUITO', 19),
(176, 'CAYAMBE', 19),
(177, 'MEJIA', 19),
(178, 'PEDRO MONCAYO', 19),
(179, 'RUMI&Ntilde;AHUI', 19),
(180, 'SAN MIGUEL DE LOS BANCOS', 19),
(181, 'PEDRO VICENTE MALDONADO', 19),
(182, 'PUERTO QUITO', 19),
(183, 'AMBATO', 23),
(184, 'BA&Ntilde;OS DE AGUA SANTA', 23),
(185, 'CEVALLOS', 23),
(186, 'MOCHA', 23),
(187, 'PATATE', 23),
(188, 'QUERO', 23),
(189, 'SAN PEDRO DE PELILEO', 23),
(190, 'SANTIAGO DE PILLARO', 23),
(191, 'TISALEO', 23),
(192, 'ZAMORA', 24),
(193, 'CHINCHIPE', 24),
(194, 'NANGARITZA', 24),
(195, 'YACUAMBI', 24),
(196, 'YANTZAZA', 24),
(197, 'EL PANGUI', 24),
(198, 'CENTINELA DEL CONDOR', 24),
(199, 'PALANDA', 24),
(200, 'PAQUISHA', 24),
(201, 'SAN CRISTOBAL', 10),
(202, 'ISABELA', 10),
(203, 'SANTA CRUZ', 10),
(204, 'LAGO AGRIO', 22),
(205, 'GONZALO PIZARRO', 22),
(206, 'PUTUMAYO', 22),
(207, 'SHUSHUFINDI', 22),
(208, 'SUCUMBIOS', 22),
(209, 'CASCALES', 22),
(210, 'CUYABENO', 22),
(211, 'FRANCISCO DE ORELLANA', 17),
(212, 'AGUARICO', 17),
(213, 'LA JOYA DE LOS SACHAS', 17),
(214, 'LORETO', 17),
(215, 'LA CONCORDIA', 21),
(216, 'SANTA ELENA', 20),
(217, 'LA LIBERTAD', 20),
(218, 'SALINAS', 20);

--
-- Volcado de datos para la tabla `tbl_categoria`
--

INSERT INTO `tbl_categoria` (`id_categoria`, `nombre_categoria`) VALUES
(1, 'moda de mujer'),
(2, 'moda de hombre'),
(3, 'Zapatos'),
(4, 'Accesorios'),
(5, 'Moda infantil'),
(6, 'Bebes'),
(7, 'Juguetes'),
(8, 'Video Juegos'),
(9, 'Electronica'),
(10, 'Informatica'),
(11, 'Electro domestico'),
(12, 'oficinas');

--
-- Volcado de datos para la tabla `tbl_imagen`
--

INSERT INTO `tbl_imagen` (`id_imagen`, `ruta`, `color`, `id_detalle_kardex`) VALUES
(1, 'http://localhost/vendedor_electronico/assets/imagen/producto/1508922565_891772_1508943274_noticia_normal.jpg', 'negro', 1),
(2, 'http://localhost/vendedor_electronico/assets/imagen/producto/descarga.jpg', 'negro', 1),
(3, 'http://localhost/vendedor_electronico/assets/imagen/producto/plato-3-300x300.jpg', 'azul', 3),
(5, 'http://localhost/vendedor_electronico/assets/imagen/producto/descarga (1).jpg', 'negro', 3),
(6, 'https://tottoecuador.vteximg.com.br/arquivos/ids/222772-1000-1000/AC51IND792-1920C-N01-PRINCIPAL.jpg?v=637078753859770000', 'linea azul', 3),
(7, 'https://www.hellyhansen.com/media/catalog/product/6/7/67300_222-2-main.jpg?quality=75&bg-color=255,255,255&fit=bounds&height=560&width=700&canvas=700:560', 'rojo', 2),
(8, 'https://www.losroblespolotime.com/wp-content/uploads/2018/05/Billeteras-de-cuero-hombre-0054rmar.jpg', 'Cuero blanco', 3),
(9, 'https://www.megamaxi.com/catalogo/verano-sierra/wp-content/uploads/2019/06/7861058252925-600x600.jpg', 'cuero 2', 3),
(10, 'https://www.elcomercio.com/files/article_main/uploads/2019/06/20/5d0bf310a7d72.jpeg', 'cuero 3', 3),
(11, 'https://mrstoreperu.com/wp-content/uploads/2019/04/modelos-billetera-hombre-diferentes-tipos-b018.jpg', 'cuero 4', 3);

--
-- Volcado de datos para la tabla `tbl_pais`
--

INSERT INTO `tbl_pais` (`id_pais`, `cod_pais`, `pais_pais`) VALUES
(1, 'AU', 'Australia'),
(2, 'CN', 'China'),
(3, 'JP', 'Japan'),
(4, 'TH', 'Thailand'),
(5, 'IN', 'India'),
(6, 'MY', 'Malaysia'),
(7, 'KR', 'Kore'),
(8, 'HK', 'Hong Kong'),
(9, 'TW', 'Taiwan'),
(10, 'PH', 'Philippines'),
(11, 'VN', 'Vietnam'),
(12, 'FR', 'France'),
(13, 'EU', 'Europe'),
(14, 'DE', 'Germany'),
(15, 'SE', 'Sweden'),
(16, 'IT', 'Italy'),
(17, 'GR', 'Greece'),
(18, 'ES', 'Spain'),
(19, 'AT', 'Austria'),
(20, 'GB', 'United Kingdom'),
(21, 'NL', 'Netherlands'),
(22, 'BE', 'Belgium'),
(23, 'CH', 'Switzerland'),
(24, 'AE', 'United Arab Emirates'),
(25, 'IL', 'Israel'),
(26, 'UA', 'Ukraine'),
(27, 'RU', 'Russian Federation'),
(28, 'KZ', 'Kazakhstan'),
(29, 'PT', 'Portugal'),
(30, 'SA', 'Saudi Arabia'),
(31, 'DK', 'Denmark'),
(32, 'IR', 'Ira'),
(33, 'NO', 'Norway'),
(34, 'US', 'United States'),
(35, 'MX', 'Mexico'),
(36, 'CA', 'Canada'),
(37, 'A1', 'Anonymous Proxy'),
(38, 'SY', 'Syrian Arab Republic'),
(39, 'CY', 'Cyprus'),
(40, 'CZ', 'Czech Republic'),
(41, 'IQ', 'Iraq'),
(42, 'TR', 'Turkey'),
(43, 'RO', 'Romania'),
(44, 'LB', 'Lebanon'),
(45, 'HU', 'Hungary'),
(46, 'GE', 'Georgia'),
(47, 'BR', 'Brazil'),
(48, 'AZ', 'Azerbaijan'),
(49, 'A2', 'Satellite Provider'),
(50, 'PS', 'Palestinian Territory'),
(51, 'LT', 'Lithuania'),
(52, 'OM', 'Oman'),
(53, 'SK', 'Slovakia'),
(54, 'RS', 'Serbia'),
(55, 'FI', 'Finland'),
(56, 'IS', 'Iceland'),
(57, 'BG', 'Bulgaria'),
(58, 'SI', 'Slovenia'),
(59, 'MD', 'Moldov'),
(60, 'MK', 'Macedonia'),
(61, 'LI', 'Liechtenstein'),
(62, 'JE', 'Jersey'),
(63, 'PL', 'Poland'),
(64, 'HR', 'Croatia'),
(65, 'BA', 'Bosnia and Herzegovina'),
(66, 'EE', 'Estonia'),
(67, 'LV', 'Latvia'),
(68, 'JO', 'Jordan'),
(69, 'KG', 'Kyrgyzstan'),
(70, 'RE', 'Reunion'),
(71, 'IE', 'Ireland'),
(72, 'LY', 'Libya'),
(73, 'LU', 'Luxembourg'),
(74, 'AM', 'Armenia'),
(75, 'VG', 'Virgin Island'),
(76, 'YE', 'Yemen'),
(77, 'BY', 'Belarus'),
(78, 'GI', 'Gibraltar'),
(79, 'MQ', 'Martinique'),
(80, 'PA', 'Panama'),
(81, 'DO', 'Dominican Republic'),
(82, 'GU', 'Guam'),
(83, 'PR', 'Puerto Rico'),
(84, 'VI', 'Virgin Island'),
(85, 'MN', 'Mongolia'),
(86, 'NZ', 'New Zealand'),
(87, 'SG', 'Singapore'),
(88, 'ID', 'Indonesia'),
(89, 'NP', 'Nepal'),
(90, 'PG', 'Papua New Guinea'),
(91, 'PK', 'Pakistan'),
(92, 'AP', 'Asia/Pacific Region'),
(93, 'BS', 'Bahamas'),
(94, 'LC', 'Saint Lucia'),
(95, 'AR', 'Argentina'),
(96, 'BD', 'Bangladesh'),
(97, 'TK', 'Tokelau'),
(98, 'KH', 'Cambodia'),
(99, 'MO', 'Macau'),
(100, 'MV', 'Maldives'),
(101, 'AF', 'Afghanistan'),
(102, 'NC', 'New Caledonia'),
(103, 'FJ', 'Fiji'),
(104, 'WF', 'Wallis and Futuna'),
(105, 'QA', 'Qatar'),
(106, 'AL', 'Albania'),
(107, 'BZ', 'Belize'),
(108, 'UZ', 'Uzbekistan'),
(109, 'KW', 'Kuwait'),
(110, 'ME', 'Montenegro'),
(111, 'PE', 'Peru'),
(112, 'BM', 'Bermuda'),
(113, 'CW', 'Curacao'),
(114, 'CO', 'Colombia'),
(115, 'VE', 'Venezuela'),
(116, 'CL', 'Chile'),
(117, 'EC', 'Ecuador');

--
-- Volcado de datos para la tabla `tbl_parroquia`
--

INSERT INTO `tbl_parroquia` (`id_parroquia`, `parroquia_parroquia`, `id_canton`) VALUES
(1, 'Santo Domingo De Los Colorados', 90),
(2, 'Alluriquin', 90),
(3, 'Puerto Limon', 90),
(4, 'Luz De America', 90),
(5, 'San Jacinto Del Bua', 90),
(6, 'Valle Hermoso', 90),
(7, 'El Esfuerzo', 90),
(8, 'Santa Maria Del Toachi', 90),
(9, 'Cuenca', 1),
(10, 'Ba&ntilde;os', 1),
(11, 'Cumbe', 1),
(12, 'Chaucha', 1),
(13, 'Checa (Jidcay)', 1),
(14, 'Chiquintad', 1),
(15, 'Llacao', 1),
(16, 'Molleturo', 1),
(17, 'Nulti', 1),
(18, 'Octavio Cordero Palacios', 1),
(19, 'Paccha', 1),
(20, 'Quingeo', 1),
(21, 'Ricaurte', 1),
(22, 'San Joaquin', 1),
(23, 'Santa Ana', 1),
(24, 'Sayausi', 1),
(25, 'Sidcay', 1),
(26, 'Sinincay', 1),
(27, 'Tarqui', 1),
(28, 'Turi', 1),
(29, 'Valle', 1),
(30, 'Victoria del Portete', 1),
(31, 'Giron', 2),
(32, 'Asuncion', 2),
(33, 'San Gerardo', 2),
(34, 'Gualaceo', 3),
(35, 'Daniel Cordova Toral', 3),
(36, 'Jadan', 3),
(37, 'Mariano Moreno', 3),
(38, 'Remigio Crespo Toral', 3),
(39, 'San Juan', 3),
(40, 'Zhidmad', 3),
(41, 'Luis Cordero Vega', 3),
(42, 'Simon Bolivar', 3),
(43, 'Nabon', 4),
(44, 'Cochapata', 4),
(45, 'El Progreso', 4),
(46, 'Las Nieves (Chaya)', 4),
(47, 'Paute', 5),
(48, 'Bulan', 5),
(49, 'Chican', 5),
(50, 'El Cabo', 5),
(51, 'Guarainag', 5),
(52, 'San Cristobal', 5),
(53, 'Tomebamba', 5),
(54, 'Dug-Dug', 5),
(55, 'Pucara', 6),
(56, 'Camilo Ponce Enriquez', 6),
(57, 'San Rafael de Sharug', 6),
(58, 'San Fernando', 7),
(59, 'Chumblin', 7),
(60, 'Santa Isabel', 8),
(61, 'Abdon Calderon', 8),
(62, 'El Carmen de Pijili', 8),
(63, 'Zhaglli', 8),
(64, 'Sigsig', 9),
(65, 'Cuchil', 9),
(66, 'Gima', 9),
(67, 'Guel', 9),
(68, 'Ludo', 9),
(69, 'San Bartolome', 9),
(70, 'San Jose de Raranga', 9),
(71, 'O&ntilde;a', 10),
(72, 'Susudel', 10),
(73, 'Chordeleg', 11),
(74, 'Principal', 11),
(75, 'La Union', 11),
(76, 'Luis Galarza Orellana', 11),
(77, 'San Martin de Puzhio', 11),
(78, 'El Pan', 12),
(79, 'San Vicente', 12),
(80, 'Sevilla de Oro', 13),
(81, 'Amaluza', 13),
(82, 'Palmas', 13),
(83, 'Guachapala', 14),
(84, 'Camilo Ponce Enriquez', 15),
(85, 'El Carmen De Pijili', 15),
(86, 'Guaranda', 36),
(87, 'Facundo Vela', 36),
(88, 'Julio E. Moreno', 36),
(89, 'Salinas', 36),
(90, 'San Lorenzo', 36),
(91, 'San Simon (Yacoto)', 36),
(92, 'Santafe (Santa Fe)', 36),
(93, 'Simiatug', 36),
(94, 'San Luis De Pambil', 36),
(95, 'Chillanes', 37),
(96, 'San Jose Del Tambo', 37),
(97, 'San Jose De Chimbo', 38),
(98, 'Asuncion (Asancoto)', 38),
(99, 'Magdalena (Chapacoto)', 38),
(100, 'San Sebastian', 38),
(101, 'Telimbela', 38),
(102, 'Echeandia', 39),
(103, 'San Miguel', 41),
(104, 'Balsapamba', 41),
(105, 'Bilovan', 41),
(106, 'Regulo De Mora', 41),
(107, 'San Pablo', 41),
(108, 'Santiago', 41),
(109, 'San Vicente', 41),
(110, 'Caluma', 42),
(111, 'Las Naves', 43),
(112, 'Azogues', 44),
(113, 'Cojitambo', 44),
(114, 'Guapan', 44),
(115, 'Javier Loyola', 44),
(116, 'Luis Cordero', 44),
(117, 'Pindilig', 44),
(118, 'Rivera', 44),
(119, 'San Miguel', 44),
(120, 'Taday', 44),
(121, 'Biblian', 45),
(122, 'Nazon', 45),
(123, 'San Francisco De Sageo', 45),
(124, 'Turupamba', 45),
(125, 'Jerusalen', 45),
(126, 'Ca&ntilde;ar', 46),
(127, 'Chontamarca', 46),
(128, 'Chorocopte', 46),
(129, 'General Morales', 46),
(130, 'Gualleturo', 46),
(131, 'Honorato Vasquez', 46),
(132, 'Ingapirca', 46),
(133, 'Juncal', 46),
(134, 'San Antonio', 46),
(135, 'Zhud', 46),
(136, 'Ventura', 46),
(137, 'Ducur', 46),
(138, 'La Troncal', 47),
(139, 'Manuel J. Calle', 47),
(140, 'Pancho Negro', 47),
(141, 'El Tambo', 48),
(142, 'Deleg', 49),
(143, 'Solano', 49),
(144, 'Suscal', 50),
(145, 'Tulcan', 91),
(146, 'El Carmelo (El Pun)', 91),
(147, 'Julio Andrade (Orejuela)', 91),
(148, 'Maldonado', 91),
(149, 'Pioter', 91),
(150, 'Tobar Donoso (La Bocana)', 91),
(151, 'Tufi&ntilde;o', 91),
(152, 'Urbina (Taya)', 91),
(153, 'El Chical', 91),
(154, 'Santa Martha De Cuba', 91),
(155, 'Bolivar', 92),
(156, 'Garcia Moreno', 92),
(157, 'Los Andes', 92),
(158, 'Monte Olivo', 92),
(159, 'San Vicente De Pusir', 92),
(160, 'San Rafael', 92),
(161, 'El Angel', 93),
(162, 'El Goaltal', 93),
(163, 'La Libertad (Alizo)', 93),
(164, 'San Isidro', 93),
(165, 'Mira (Chontahuasi)', 94),
(166, 'Concepcion', 94),
(167, 'Jijon Y Caama&ntilde;o', 94),
(168, 'Juan Montalvo', 94),
(169, 'San Gabriel', 95),
(170, 'Cristobal Colon', 95),
(171, 'Chitan De Navarrete', 95),
(172, 'Fernandez Salvador', 95),
(173, 'La Paz', 95),
(174, 'Piartal', 95),
(175, 'Huaca', 96),
(176, 'Mariscal Sucre', 96),
(177, 'Latacunga', 61),
(178, 'Alaques (Alaquez)', 61),
(179, 'Belisario Quevedo', 61),
(180, 'Guaitacama (Guaytacama)', 61),
(181, 'Joseguango Bajo', 61),
(182, 'Mulalo', 61),
(183, '11 De Noviembre (Ilinchi)', 61),
(184, 'Poalo', 61),
(185, 'San Juan De Pastocalle', 61),
(186, 'Tanicuchi', 61),
(187, 'Toacaso', 61),
(188, 'La Mana', 62),
(189, 'Guasaganda', 62),
(190, 'Pucayacu', 62),
(191, 'El Corazon', 63),
(192, 'Moraspungo', 63),
(193, 'Pinllopata', 63),
(194, 'Ramon Campa&ntilde;a', 63),
(195, 'Pujili', 64),
(196, 'Angamarca', 64),
(197, 'Guangaje', 64),
(198, 'La Victoria', 64),
(199, 'Pilalo', 64),
(200, 'Tingo', 64),
(201, 'Zumbahua', 64),
(202, 'San Miguel', 65),
(203, 'Antonio Jose Holguin', 65),
(204, 'Cusubamba', 65),
(205, 'Mulalillo', 65),
(206, 'Mulliquindil (Santa Ana)', 65),
(207, 'Pansaleo', 65),
(208, 'Saquisili', 66),
(209, 'Canchagua', 66),
(210, 'Chantilin', 66),
(211, 'Cochapamba', 66),
(212, 'Sigchos', 67),
(213, 'Chugchilan', 67),
(214, 'Isinlivi', 67),
(215, 'Las Pampas', 67),
(216, 'Palo Quemado', 67),
(217, 'Riobamba', 51),
(218, 'Cacha', 51),
(219, 'Calpi', 51),
(220, 'Cubijies', 51),
(221, 'Flores', 51),
(222, 'Lican', 51),
(223, 'Licto', 51),
(224, 'Pungala', 51),
(225, 'Punin', 51),
(226, 'Quimiag', 51),
(227, 'San Juan', 51),
(228, 'San Luis', 51),
(229, 'Alausi', 52),
(230, 'Achupallas', 52),
(231, 'Guasuntos', 52),
(232, 'Huigra', 52),
(233, 'Multitud', 52),
(234, 'Pistishi (Nariz Del Diablo)', 52),
(235, 'Pumallacta (Pumal-Lacta)', 52),
(236, 'Sevilla', 52),
(237, 'Sibambe', 52),
(238, 'Tixan', 52),
(239, 'Villa La Union', 53),
(240, 'Ca&ntilde;i', 53),
(241, 'Columbe', 53),
(242, 'Juan De Velasco (Pangor)', 53),
(243, 'Santiago De Quito', 53),
(244, 'Chambo', 54),
(245, 'Chunchi', 55),
(246, 'Capzol', 55),
(247, 'Compud', 55),
(248, 'Gonzol', 55),
(249, 'Llagos', 55),
(250, 'Guamote', 56),
(251, 'Cebadas', 56),
(252, 'Palmira', 56),
(253, 'Guano', 57),
(254, 'Guanando', 57),
(255, 'Ilapo', 57),
(256, 'La Providencia', 57),
(257, 'San Andres', 57),
(258, 'San Gerardo De Pacaicaguan', 57),
(259, 'San Isidro De Patulu', 57),
(260, 'San Jose Del Chazo', 57),
(261, 'Santa Fe De Galan', 57),
(262, 'Valparaiso', 57),
(263, 'Pallatanga', 58),
(264, 'Penipe', 59),
(265, 'El Altar', 59),
(266, 'Matus', 59),
(267, 'Puela', 59),
(268, 'San Antonio De Bayushig', 59),
(269, 'La Candelaria', 59),
(270, 'Bilbao', 59),
(271, 'Cumanda', 60),
(272, 'Santa Elena', 216),
(273, 'Atahualpa', 216),
(274, 'Colonche', 216),
(275, 'Chanduy', 216),
(276, 'Manglaralto', 216),
(277, 'Simon Bolivar', 216),
(278, 'San Jose De Ancon', 216),
(279, 'La Libertad', 217),
(280, 'Salinas', 218),
(281, 'Anconcito', 218),
(282, 'Jose Luis Tamayo', 218),
(283, 'Machala', 68),
(284, 'El Retiro', 68),
(285, 'Arenillas', 69),
(286, 'Chacras', 69),
(287, 'Palmales', 69),
(288, 'Carcabon', 69),
(289, 'Paccha', 70),
(290, 'Ayapamba', 70),
(291, 'Cordoncillo', 70),
(292, 'Milagro', 70),
(293, 'San Jose', 70),
(294, 'Cerro Azul', 70),
(295, 'Balsas', 71),
(296, 'Bellamaria', 71),
(297, 'Chilla', 72),
(298, 'El Guabo', 73),
(299, 'Barbones (Sucre)', 73),
(300, 'La Iberia', 73),
(301, 'Tendales', 73),
(302, 'Rio Bonito', 73),
(303, 'Huaquillas', 74),
(304, 'Marcabeli', 75),
(305, 'El Ingenio', 75),
(306, 'Pasaje', 76),
(307, 'Buenavista', 76),
(308, 'Casacay', 76),
(309, 'La Pea&ntilde;a', 76),
(310, 'Progreso', 76),
(311, 'Uzhcurrumi', 76),
(312, 'Caña Quemada', 76),
(313, 'Pi&ntilde;as', 77),
(314, 'Capiro', 77),
(315, 'La Bocana', 77),
(316, 'Moromoro', 77),
(317, 'Piedras', 77),
(318, 'San Roque', 77),
(319, 'Saracay', 77),
(320, 'Portovelo', 78),
(321, 'Curtincapa', 78),
(322, 'Morales', 78),
(323, 'Salati', 78),
(324, 'Santa Rosa', 79),
(325, 'Bellavista', 79),
(326, 'Jambeli', 79),
(327, 'La Avanzada', 79),
(328, 'San Antonio', 79),
(329, 'Torata', 79),
(330, 'Victoria', 79),
(331, 'Bellamaria', 79),
(332, 'Zaruma', 80),
(333, 'Aba&ntilde;in', 80),
(334, 'Arcapamba', 80),
(335, 'Guanazan', 80),
(336, 'Guizhagui&ntilde;a', 80),
(337, 'Huertas', 80),
(338, 'Malvas', 80),
(339, 'Muluncay Grande', 80),
(340, 'Sinsao', 80),
(341, 'Salvias', 80),
(342, 'La Victoria', 81),
(343, 'La Libertad', 81),
(344, 'El Paraiso', 81),
(345, 'San Isidro', 81),
(346, 'Esmeraldas', 82),
(347, 'Camarones', 82),
(348, 'Crnel. Carlos Concha Torres', 82),
(349, 'Chinca', 82),
(350, 'Majua', 82),
(351, 'San Mateo', 82),
(352, 'Tabiazo', 82),
(353, 'Tachina', 82),
(354, 'Vuelta Larga', 82),
(355, 'Valdez (Limones)', 83),
(356, 'Anchayacu', 83),
(357, 'Atahualpa', 83),
(358, 'Borbon', 83),
(359, 'La Tola', 83),
(360, 'Luis Vargas Torres', 83),
(361, 'Maldonado', 83),
(362, 'Pampanal De Bolivar', 83),
(363, 'San Francisco De Onzole', 83),
(364, 'Santo Domingo De Onzole', 83),
(365, 'Selva Alegre', 83),
(366, 'Telembi', 83),
(367, 'Colon Eloy Del Maria', 83),
(368, 'San Jose De Cayapas', 83),
(369, 'Timbire', 83),
(370, 'Muisne', 84),
(371, 'Bolivar', 84),
(372, 'Daule', 84),
(373, 'Galera', 84),
(374, 'Quingue (Olmedo Perdomo', 84),
(375, 'Salima', 84),
(376, 'San Francisco', 84),
(377, 'San Gregorio', 84),
(378, 'San Jose De Chamanga', 84),
(379, 'Rosa Zarate (Quininde)', 85),
(380, 'Cube', 85),
(381, 'Chura (Chancama)', 85),
(382, 'Malimpia', 85),
(383, 'Viche', 85),
(384, 'La Union', 85),
(385, 'San Lorenzo', 86),
(386, 'Alto Tambo', 86),
(387, 'Ancon (Pichangal)', 86),
(388, 'Calderon', 86),
(389, 'Carondelet', 86),
(390, '5 De Junio', 86),
(391, 'Concepcion', 86),
(392, 'Mataje', 86),
(393, 'San Javier De Cachavi', 86),
(394, 'Santa Rita', 86),
(395, 'Tambillo', 86),
(396, 'Tululbi', 86),
(397, 'Urbina', 86),
(398, 'Atacames', 87),
(399, 'La Union', 87),
(400, 'Sua', 87),
(401, 'Tonchigue', 87),
(402, 'Tonsupa', 87),
(403, 'Rioverde', 88),
(404, 'Chontaduro', 88),
(405, 'Chumunde', 88),
(406, 'Lagarto', 88),
(407, 'Montalvo', 88),
(408, 'Rocafuerte', 88),
(409, 'La Concordia', 89),
(410, 'Guayaquil', 16),
(411, 'Juan Gomez Rendon (Progreso)', 16),
(412, 'Morro', 16),
(413, 'Posorja', 16),
(414, 'Puna', 16),
(415, 'Tenguel', 16),
(416, 'Alfredo Baquerizo Moreno', 17),
(417, 'Balao', 18),
(418, 'Balzar', 19),
(419, 'Colimes', 20),
(420, 'San Jacinto', 20),
(421, 'Daule', 21),
(422, 'Juan Bautista Aguirre', 21),
(423, 'Laurel', 21),
(424, 'Limonal', 21),
(425, 'Los Lojas', 21),
(426, 'Eloy Alfaro (Duran)', 22),
(427, 'Velasco Ibarra', 23),
(428, 'Guayas (Pueblo Nuevo)', 23),
(429, 'El Rosario', 23),
(430, 'El Triunfo', 24),
(431, 'Milagro', 25),
(432, 'Chobo', 25),
(433, 'Mariscal Sucre (Huaques)', 25),
(434, 'Roberto Astudillo', 25),
(435, 'Naranjal', 26),
(436, 'Jesus Maria', 26),
(437, 'San Carlos', 26),
(438, 'Santa Rosa De Flandes', 26),
(439, 'Taura', 26),
(440, 'Naranjito', 26),
(441, 'Palestina', 27),
(442, 'Pedro Carbo', 28),
(443, 'Valle De La Virgen', 28),
(444, 'Sabanilla', 28),
(445, 'Samborondon', 29),
(446, 'Tarifa', 29),
(447, 'Santa Lucia', 30),
(448, 'El Salitre (Las Ramas)', 31),
(449, 'General Vernaza', 31),
(450, 'La Victoria (&Ntilde;auza)', 31),
(451, 'Junquillal', 31),
(452, 'Yaguachi Nuevo', 32),
(453, 'Gral. Pedro J. Montero', 32),
(454, 'Yaguachi Viejo (Cone)', 32),
(455, 'Virgen De Fatima', 32),
(456, 'General Villamil', 33),
(457, 'Simon Bolivar', 34),
(458, 'Crnel.Lorenzo De Garaicoa', 34),
(459, 'CORONEL MARCELINO MARIDUE&Ntilde;A', 35),
(460, 'Ibarra', 97),
(461, 'Ambuqui', 97),
(462, 'Angochagua', 97),
(463, 'Carolina', 97),
(464, 'La Esperanza', 97),
(465, 'Lita', 97),
(466, 'Salinas', 97),
(467, 'San Antonio', 97),
(468, 'Atuntaqui', 98),
(469, 'Imbaya', 98),
(470, 'San Francisco De Natabue', 98),
(471, 'San Jose De Chaltura', 98),
(472, 'San Roque', 98),
(473, 'Cotacachi', 99),
(474, 'Apuela', 99),
(475, 'Garcia Moreno', 99),
(476, 'Imantag', 99),
(477, 'Pe&ntilde;aherrera', 99),
(478, 'Plaza Gutierrez', 99),
(479, 'Quiroga', 99),
(480, '6 De Julio De Cuellaje', 99),
(481, 'Vacas Galindo (El Churo)', 99),
(482, 'Otavalo', 100),
(483, 'Dr. Miguel Egas Cabezas', 100),
(484, 'Eugenio Espejo (Calpaqui)', 100),
(485, 'Gonzalez Suarez', 100),
(486, 'Pataqui', 100),
(487, 'San Jose De Quichinche', 100),
(488, 'San Juan De Iluman', 100),
(489, 'San Pablo', 100),
(490, 'San Rafael', 100),
(491, 'Selva Alegre', 100),
(492, 'Pimampiro', 101),
(493, 'Chuga', 101),
(494, 'Mariano Acosta', 101),
(495, 'San Francisco De Sigsipa', 101),
(496, 'Urcuqui', 102),
(497, 'Cahuasqui', 102),
(498, 'La Merced De Buenos Aires', 102),
(499, 'Pablo Arenas', 102),
(500, 'San Blas', 102),
(501, 'Tumbabiro', 102),
(502, 'Loja', 103),
(503, 'Chantaco', 103),
(504, 'Chuquiribamba', 103),
(505, 'El Cisne', 103),
(506, 'Gualel', 103),
(507, 'Jimbilla', 103),
(508, 'Malacatos (Valladolid)', 103),
(509, 'San Lucas', 103),
(510, 'San Pedro De Vilcabamba', 103),
(511, 'Santiago', 103),
(512, 'Taquil (Miguel Riofrio)', 103),
(513, 'Vilcabamba (Victoria)', 103),
(514, 'Yangana (Arsenio Castillo)', 103),
(515, 'Quinara', 103),
(516, 'Cariamanga', 104),
(517, 'Colaisaca', 104),
(518, 'El Lucero', 104),
(519, 'Utuana', 104),
(520, 'Sangillin', 104),
(521, 'Catamayo (La Toma)', 105),
(522, 'El Tambo', 105),
(523, 'Guayquichuma', 105),
(524, 'San Pedro De La Bendita', 105),
(525, 'Zambi', 105),
(526, 'Celica', 106),
(527, 'Cruzpamba', 106),
(528, 'Pozul (San Juan De Pozul', 106),
(529, 'Sabanilla', 106),
(530, 'Tnte. Maximiliano Rodrig', 106),
(531, 'Chaguarpamba', 107),
(532, 'Buenavista', 107),
(533, 'El Rosario', 107),
(534, 'Santa Rufina', 107),
(535, 'Amarillos', 107),
(536, 'Amaluza', 108),
(537, 'Bellavista', 108),
(538, 'Jimbura', 108),
(539, 'Santa Teresita', 108),
(540, '27 De Abril', 108),
(541, 'El Ingenio', 108),
(542, 'El Airo', 108),
(543, 'Gonzanama', 109),
(544, 'Changaimina (La Libertad', 109),
(545, 'Nambacola', 109),
(546, 'Purunuma (Eguiguren)', 109),
(547, 'Sacapalca', 109),
(548, 'Macara', 110),
(549, 'Larama', 110),
(550, 'La Victoria', 110),
(551, 'Sabiango (La Capilla)', 110),
(552, 'Catacocha', 111),
(553, 'Cangonama', 111),
(554, 'Guachanama', 111),
(555, 'Lauro Guerrero', 111),
(556, 'Orianga', 111),
(557, 'San Antonio', 111),
(558, 'Casanga', 111),
(559, 'Yamana', 111),
(560, 'Alamor', 112),
(561, 'Ciano', 112),
(562, 'El Arenal', 112),
(563, 'El Limo (Mariana De Jesus)', 112),
(564, 'Mercadillo', 112),
(565, 'Vicentino', 112),
(566, 'Saraguro', 113),
(567, 'El Paraiso De Celen', 113),
(568, 'El Tablon', 113),
(569, 'Lluzhapa', 113),
(570, 'Manu', 113),
(571, 'San Antonio De Qumbe', 113),
(572, 'San Pablo De Tenta', 113),
(573, 'San Sebastian De Yuluc', 113),
(574, 'Selva Alegre', 113),
(575, 'Urdaneta (Paquishapa)', 113),
(576, 'Sumaypamba', 113),
(577, 'Sozoranga', 114),
(578, 'Nueva Fatima', 114),
(579, 'Tacamoros', 114),
(580, 'Zapotillo', 115),
(581, 'Cazaderos', 115),
(582, 'Garzareal', 115),
(583, 'Limones', 115),
(584, 'Paletillas', 115),
(585, 'Bolaspamba', 115),
(586, 'Pindal', 116),
(587, 'Chaquinal', 116),
(588, '12 De Diciembre', 116),
(589, 'Quilanga', 117),
(590, 'Fundochamba', 117),
(591, 'San Antonio De Las Aradas', 117),
(592, 'Olmedo', 118),
(593, 'La Tingue', 118),
(594, 'Babahoyo', 119),
(595, 'Caracol', 119),
(596, 'Febres Cordero (Las Juntas)', 119),
(597, 'Pimocha', 119),
(598, 'La Union', 119),
(599, 'Baba', 120),
(600, 'Guare', 120),
(601, 'Isla De Bejucal', 120),
(602, 'Montalvo', 121),
(603, 'Puebloviejo', 122),
(604, 'Puerto Pechiche', 122),
(605, 'San Juan', 122),
(606, 'Quevedo', 123),
(607, 'San Carlos', 123),
(608, 'La Esperanza', 123),
(609, 'Catarama', 124),
(610, 'Ricaurte', 124),
(611, 'Ventanas', 125),
(612, 'Quinsaloma', 125),
(613, 'Zapotal', 125),
(614, 'Vinces', 126),
(615, 'Antonio Sotomayor', 126),
(616, 'Palenque', 127),
(617, 'San Jacinto De Buena Fe', 128),
(618, 'Patricia Pilar', 127),
(619, 'Valencia', 129),
(620, 'Mocache', 130),
(621, 'Quinsaloma', 131),
(622, 'Portoviejo', 132),
(623, 'Abdon Calderon', 132),
(624, 'Alhajuela (Bajo Grande)', 132),
(625, 'Crucita', 132),
(626, 'Pueblo Nuevo', 132),
(627, 'Riochico (Rio Chico)', 132),
(628, 'San Placido', 132),
(629, 'Chirijos', 132),
(630, 'Calceta', 133),
(631, 'Membrillo', 133),
(632, 'Quiroga', 133),
(633, 'Chone', 134),
(634, 'Boyaca', 134),
(635, 'Canuto', 134),
(636, 'Convento', 134),
(637, 'Chibunga', 134),
(638, 'Eloy Alfaro', 134),
(639, 'Ricaurte', 134),
(640, 'San Antonio', 134),
(641, 'El Carmen', 135),
(642, 'Wilfrido Loor Moreira', 135),
(643, 'San Pedro De Suma', 135),
(644, 'Flavio Alfaro', 136),
(645, 'San Francisco De Novillo', 136),
(646, 'Zapallo', 136),
(647, 'Jipijapa', 137),
(648, 'America', 137),
(649, 'El Anegado', 137),
(650, 'Julcuy', 137),
(651, 'La Union', 137),
(652, 'Membrillal', 137),
(653, 'Pedro Pablo Gomez', 137),
(654, 'Puerto De Cayo', 137),
(655, 'Junin', 138),
(656, 'Manta', 139),
(657, 'San Lorenzo', 139),
(658, 'Santa Marianita', 139),
(659, 'Montecristi', 140),
(660, 'La Pila', 140),
(661, 'Pajan', 141),
(662, 'Campozano', 141),
(663, 'Cascol', 141),
(664, 'Guale', 141),
(665, 'Lascano', 141),
(666, 'Pichincha', 142),
(667, 'Barraganete', 142),
(668, 'San Sebastian', 142),
(669, 'Rocafuerte', 143),
(670, 'Santa Ana De Vuelta Larga', 144),
(671, 'Ayacucho', 144),
(672, 'Honorato Vasquez', 144),
(673, 'La Union', 144),
(674, 'San Pablo', 144),
(675, 'Bahia De Caraquez', 145),
(676, 'Charapoto', 145),
(677, 'San Isidro', 145),
(678, 'Tosagua', 146),
(679, 'Bachillero', 146),
(680, 'Angel Pedro Giler', 146),
(681, 'Sucre', 147),
(682, 'Pedernales', 148),
(683, 'Cojimies', 148),
(684, '10 De Agosto', 148),
(685, 'Atahualpa', 148),
(686, 'Olmedo', 149),
(687, 'Puerto Lopez', 150),
(688, 'Machalilla', 150),
(689, 'Salango', 150),
(690, 'Jama', 151),
(691, 'Jaramijo', 152),
(692, 'San Vicente', 153),
(693, 'Canoa', 153),
(694, 'Macas', 154),
(695, 'Alshi', 154),
(696, 'General Proa&ntilde;o', 154),
(697, 'San Isidro', 154),
(698, 'Sevilla Don Bosco', 154),
(699, 'Sinai', 154),
(700, 'Zu&ntilde;a (Zu&ntilde;ac)', 154),
(701, 'Cuchaentza', 154),
(702, 'San Jose de Morona', 154),
(703, 'Rio Blanco', 154),
(704, 'Gualaquiza', 155),
(705, 'Amazonas (Rosario De Cuyes)', 155),
(706, 'Bermejos', 155),
(707, 'Bomboiza', 155),
(708, 'Chiguinda', 155),
(709, 'El Rosario', 155),
(710, 'Nueva Tarqui', 155),
(711, 'San Miguel De Cuyes', 155),
(712, 'El Ideal', 155),
(713, 'General Leonidas Plaza G.', 156),
(714, 'Indanza', 156),
(715, 'San Antonio', 156),
(716, 'San Miguel De Conchay', 156),
(717, 'Santa Susana De Chiviaza', 156),
(718, 'Yunganza', 156),
(719, 'Palora (Metzera)', 157),
(720, 'Arapicos', 157),
(721, 'Cumanda', 157),
(722, 'Sangay', 157),
(723, '16 De Agosto', 157),
(724, 'Santiago De Mendez', 158),
(725, 'Copal', 158),
(726, 'Chupianza', 158),
(727, 'Patuca', 158),
(728, 'San Luis De El Acho', 158),
(729, 'Santiago', 158),
(730, 'Tayuza', 158),
(731, 'San Francisco De Chinimb', 158),
(732, 'Sucua', 159),
(733, 'Asuncion', 159),
(734, 'Huambi', 159),
(735, 'Santa Marianita De Jesus', 159),
(736, 'Huamboya', 160),
(737, 'Chiguaza', 160),
(738, 'San Juan Bosco', 161),
(739, 'Pan De Azucar', 161),
(740, 'San Carlos De Limon', 161),
(741, 'San Jacinto De Wakambeis', 161),
(742, 'Santiago De Pananza', 161),
(743, 'Taisha', 162),
(744, 'Huasaga', 162),
(745, 'Macuma', 162),
(746, 'Tutinentza', 162),
(747, 'Pumpuentsa', 162),
(748, 'Logro&ntilde;o', 163),
(749, 'Yaupi', 163),
(750, 'Shimpis', 163),
(751, 'Pablo Vi', 164),
(752, 'Tiwintza', 165),
(753, 'San Jose De Morona', 165),
(754, 'Tena', 166),
(755, 'Ahuano', 166),
(756, 'Chontapunta', 166),
(757, 'Pano', 166),
(758, 'Puerto Misahualli', 166),
(759, 'Puerto Napo', 166),
(760, 'Talag', 166),
(761, 'Archidona', 167),
(762, 'Cotundo', 167),
(763, 'San Pablo De Ushpayacu', 167),
(764, 'El Chaco', 168),
(765, 'Gonzalo Diaz De Pineda', 168),
(766, 'Linares', 168),
(767, 'Oyacachi', 168),
(768, 'Santa Rosa', 168),
(769, 'Sardinas', 168),
(770, 'Baeza', 169),
(771, 'Cosanga', 169),
(772, 'Cuyuja', 169),
(773, 'Papallacta', 169),
(774, 'San Francisco De Borja', 169),
(775, 'Sumaco', 169),
(776, 'Carlos Julio Arosemena Tola', 170),
(777, 'Puyo', 171),
(778, 'Canelos', 171),
(779, 'Diez De Agosto', 171),
(780, 'Fatima', 171),
(781, 'Montalvo (Andoas)', 171),
(782, 'Pomona', 171),
(783, 'Rio Corrientes', 171),
(784, 'Rio Tigre', 171),
(785, 'Sarayacu', 171),
(786, 'Simon Bolivar', 171),
(787, 'Tarqui', 171),
(788, 'Teniente Hugo Ortiz', 171),
(789, 'Veracruz (Indillama)', 171),
(790, 'El Triunfo', 171),
(791, 'Mera', 172),
(792, 'Madre Tierra', 172),
(793, 'Shell', 172),
(794, 'Santa Clara', 173),
(795, 'San Jose', 173),
(796, 'Arajuno', 174),
(797, 'Curaray', 174),
(798, 'Quito', 175),
(799, 'Alangasi', 175),
(800, 'Amagua&ntilde;a', 175),
(801, 'Atahualpa (Habaspamba)', 175),
(802, 'Calacali', 175),
(803, 'Calderon (Carapungo)', 175),
(804, 'Conocoto', 175),
(805, 'Cumbaya', 175),
(806, 'Chavezpamba', 175),
(807, 'Checa (Chilpa)', 175),
(808, 'El Quinche', 175),
(809, 'Gualea', 175),
(810, 'Guangopolo', 175),
(811, 'Guayllabamba', 175),
(812, 'La Merced', 175),
(813, 'Llano Chico', 175),
(814, 'Lloa', 175),
(815, 'Nanegal', 175),
(816, 'Nanegalito', 175),
(817, 'Nayon', 175),
(818, 'Nono', 175),
(819, 'Pacto', 175),
(820, 'Perucho', 175),
(821, 'Pifo', 175),
(822, 'Pintag', 175),
(823, 'Pomasqui', 175),
(824, 'Puellaro', 175),
(825, 'Puembo', 175),
(826, 'San Antonio', 175),
(827, 'San Jose De Minas', 175),
(828, 'Tababela', 175),
(829, 'Tumbaco', 175),
(830, 'Yaruqui', 175),
(831, 'Zambiza', 175),
(832, 'Cayambe', 176),
(833, 'Ascazubi', 176),
(834, 'Cangahua', 176),
(835, 'Olmedo (Pesillo)', 176),
(836, 'Oton', 176),
(837, 'Santa Rosa De Cuzubamba', 176),
(838, 'Machachi', 177),
(839, 'Aloag', 177),
(840, 'Aloasi', 177),
(841, 'Cutuglahua', 177),
(842, 'El Chaupi', 177),
(843, 'Manuel Cornejo Astorga', 177),
(844, 'Tambillo', 177),
(845, 'Uyumbicho', 177),
(846, 'Tabacundo', 178),
(847, 'La Esperanza', 178),
(848, 'Malchingui', 178),
(849, 'Tocachi', 178),
(850, 'Tupigachi', 178),
(851, 'Sangolqui', 179),
(852, 'Cotogchoa', 179),
(853, 'Rumipamba', 179),
(854, 'San Miguel De Los Bancos', 180),
(855, 'Mindo', 180),
(856, 'Pedro Vicente Maldonado Puerto', 181),
(857, 'Puerto Quito', 182),
(858, 'Ambato', 183),
(859, 'Ambatillo', 183),
(860, 'Atahualpa (Chisalata)', 183),
(861, 'Augusto N. Martinez', 183),
(862, 'Constantino Fernandez', 183),
(863, 'Huachi Grande', 183),
(864, 'Izamba', 183),
(865, 'Juan Benigno Vela', 183),
(866, 'Montalvo', 183),
(867, 'Pasa', 183),
(868, 'Picaigua', 183),
(869, 'Pilaguin (Pilahuin)', 183),
(870, 'Quisapincha (Quizapincha)', 183),
(871, 'San Bartolome De Pinllog', 183),
(872, 'San Fernando', 183),
(873, 'Santa Rosa', 183),
(874, 'Totoras', 183),
(875, 'Cunchibamba', 183),
(876, 'Unamuncho', 183),
(877, 'Ba&ntilde;os', 184),
(878, 'Lligua', 184),
(879, 'Rio Negro', 184),
(880, 'Rio Verde', 184),
(881, 'Ulba', 184),
(882, 'Cevallos', 185),
(883, 'Mocha', 186),
(884, 'Pinguili', 186),
(885, 'Patate', 187),
(886, 'El Triunfo', 187),
(887, 'Los Andes', 187),
(888, 'Sucre', 187),
(889, 'Quero', 188),
(890, 'Rumipamba', 188),
(891, 'Yanayacu - Mochapata', 188),
(892, 'Pelileo', 189),
(893, 'Benitez (Pachanlica)', 189),
(894, 'Bolivar', 189),
(895, 'Cotalo', 189),
(896, 'Chiquicha', 189),
(897, 'El Rosario (Rumichaca)', 189),
(898, 'Garcia Moreno (Chumaqui)', 189),
(899, 'Guambalo (Huambalo)', 189),
(900, 'Salasaca', 189),
(901, 'Pillaro', 190),
(902, 'Baquerizo Moreno', 190),
(903, 'Emilio Maria Teran', 190),
(904, 'Marcos Espinel (Chacata)', 190),
(905, 'Presidente Urbina', 190),
(906, 'San Andres', 190),
(907, 'San Jose De Poalo', 190),
(908, 'San Miguelito', 190),
(909, 'Tisaleo', 191),
(910, 'Quinchicoto', 191),
(911, 'Zamora', 192),
(912, 'Cumbaratza', 192),
(913, 'Guadalupe', 192),
(914, 'Imbana', 192),
(915, 'Sabanilla', 192),
(916, 'Timbara', 192),
(917, 'San Carlos De Las Minas', 192),
(918, 'Zumba', 193),
(919, 'Chito', 193),
(920, 'El Chorro', 193),
(921, 'La Chonta', 193),
(922, 'Pucapamba', 193),
(923, 'San Andres', 193),
(924, 'Guayzimi', 194),
(925, 'Zurmi', 194),
(926, 'Nuevo Paraiso', 194),
(927, '28 De Mayo', 195),
(928, 'La Paz', 195),
(929, 'Tutupali', 195),
(930, 'Yanzatza', 196),
(931, 'Chica&ntilde;a', 196),
(932, 'Los Encuentros', 196),
(933, 'El Pangui', 197),
(934, 'El Guismi', 197),
(935, 'Pachicutza', 197),
(936, 'Tundayme', 197),
(937, 'Zumbi', 198),
(938, 'Paquisha', 198),
(939, 'Palanda', 199),
(940, 'El Porvenir Del Carmen', 199),
(941, 'San Francisco De Vergel', 199),
(942, 'Valladolid', 199),
(943, 'La Canela', 199),
(944, 'Paquisha', 200),
(945, 'Bellavista', 200),
(946, 'Nuevo Quito', 200),
(947, 'Puerto Baquerizo Moreno', 201),
(948, 'El Progreso', 201),
(949, 'Isla Santa Maria (Floreana)', 201),
(950, 'Puerto Villamil', 202),
(951, 'Tomas De Berlanga', 202),
(952, 'Puerto Ayora', 203),
(953, 'Bellavista', 203),
(954, 'Santa Rosa', 203),
(955, 'Nueva Loja', 204),
(956, 'Dureno', 204),
(957, 'General Farfan', 204),
(958, 'El Eno', 204),
(959, 'Pacayacu', 204),
(960, 'Jambeli', 204),
(961, 'Sta. Cecilia', 204),
(962, 'Lumbaqui', 205),
(963, 'El Reventador', 205),
(964, 'Gonzalo Pizarro', 205),
(965, 'Puerto Libre', 205),
(966, 'Puerto El Carmen Del Putumayo', 206),
(967, 'Palma Roja', 206),
(968, 'Puerto Bolivar', 206),
(969, 'Puerto Rodriguez', 206),
(970, 'Santa Elena', 206),
(971, 'Shushufindi', 207),
(972, 'Limoncocha', 207),
(973, 'Pa&ntilde;acocha', 207),
(974, 'San Roque', 207),
(975, 'San Pedro De Los Cofanes', 207),
(976, 'Siete De Julio', 207),
(977, 'La Bonita', 208),
(978, 'El Playon De San Francis', 208),
(979, 'La Sofia', 208),
(980, 'Rosa Florida', 208),
(981, 'Santa Barbara', 208),
(982, 'El Dorado De Cascales', 209),
(983, 'Santa Rosa De Sucumbios', 209),
(984, 'Sevilla', 209),
(985, 'Tarapoa', 209),
(986, 'Cuyabeno', 210),
(987, 'Aguas Negras', 210),
(988, 'Puerto Francisco De Orellana', 211),
(989, 'Dayuma', 211),
(990, 'Taracoa', 211),
(991, 'Alejandro Labaca', 211),
(992, 'El Dorado', 211),
(993, 'El Eden', 211),
(994, 'Garcia Moreno', 211),
(995, 'Ines Arango', 211),
(996, 'La Belleza', 211),
(997, 'Nuevo Paraiso', 211),
(998, 'San Jose De  Guayuza', 211),
(999, 'San Luis De Armenia', 211),
(1000, 'Nuevo Rocafuerte', 212),
(1001, 'Capitan Augusto Ribadene', 212),
(1002, 'Cononaco', 212),
(1003, 'Santa Maria De Huiririma', 212),
(1004, 'Tiputini', 212),
(1005, 'Yasuni', 212),
(1006, 'La Joya De Los Sachas', 213),
(1007, 'Enokanqui', 213),
(1008, 'Pompeya', 213),
(1009, 'San Carlos', 213),
(1010, 'San Sebastian Del Coca', 213),
(1011, 'Lago San Pedro', 213),
(1012, 'Rumipamba', 213),
(1013, 'Tres De Noviembre', 213),
(1014, 'Union Milagre&ntilde;a', 213),
(1015, 'Loreto', 214),
(1016, 'Avila', 214),
(1017, 'Puerto Murialdo', 214),
(1018, 'San Jose De Payamino', 214),
(1019, 'San Jose De Dahuano', 214),
(1020, 'San Vicente De Huaticocha', 214),
(1021, 'La Villegas', 215),
(1022, 'Plan Piloto', 215),
(1023, 'Monterrey', 215);

--
-- Volcado de datos para la tabla `tbl_producto`
--

INSERT INTO `tbl_producto` (`id_producto`, `nombre_producto`, `marca_producto`, `serie_producto`, `modelo_producto`, `id_categoria`) VALUES
(1, 'iphone', 'iphone', '1234567890', 'iphone', 4),
(2, 'huawei p30', 'huawei', '532131241234', 'p30', 4),
(3, 'billetera 300', 'totto', '5903823m', 'totto', 4),
(4, 'vestido de sexy', 'gucchi', 'v3425mm', 'gucci', 1),
(5, 'billetera 600', 'puma', '8371278466', '8462ndas', 4);

--
-- Volcado de datos para la tabla `tbl_proveedor`
--

INSERT INTO `tbl_proveedor` (`id_proveedor`, `cedula_provee`, `nombre_provee`, `apellido_provee`, `telefono_provee`, `correo_provee`, `id_parroquia`, `direccion_provee`) VALUES
(1, '1720836400', 'bryan ', 'bonilla', '593959113935', 'bryanpumax@gmail.com', 1, 'rio leila'),
(2, '1720836400', 'ricardo', 'bonilla', '593959113935', 'bryanpumax@gmail.com', 1, 'rio leila'),
(3, '1720836400', 'bonilla', 'bonilla', '593959113935', 'bryanpumax@gmail.com', 1, 'rio leila');

--
-- Volcado de datos para la tabla `tbl_provincia`
--

INSERT INTO `tbl_provincia` (`id_provincia`, `provincia_provincia`, `id_pais`) VALUES
(1, 'Azuay', 117),
(2, 'Guayas', 117),
(3, 'Bolívar', 117),
(4, 'Cañar', 117),
(5, 'Carchi', 117),
(6, 'Chimborazo', 117),
(7, 'Cotopaxi', 117),
(8, 'El Oro', 117),
(9, 'Esmeraldas', 117),
(10, 'Galápagos', 117),
(11, 'Imbabura', 117),
(12, 'Loja', 117),
(13, 'Los Ríos', 117),
(14, 'Manabí', 117),
(15, 'Morona Santiago', 117),
(16, 'Napo', 117),
(17, 'Orellana', 117),
(18, 'Pastaza', 117),
(19, 'Pichincha', 117),
(20, 'Santa Elena', 117),
(21, 'Santo Domingo de los Tsáchilas', 117),
(22, 'Sucumbíos', 117),
(23, 'Tungurahua', 117),
(24, 'Zamora Chinchipe', 117);

--
-- Volcado de datos para la tabla `tmp_detalle`
--

INSERT INTO `tmp_detalle` (`id_detalle`, `id_detalle_kardex`, `id_imagen`, `id_factura`, `cantidad`, `precio_unitario_cliente`, `precio_total_cliente`) VALUES
(32, 2, 7, 62, 1, '11.00', '11.00'),
(33, 3, 3, 62, 1, '16.00', '16.00'),
(34, 3, 5, 62, 1, '16.00', '16.00'),
(35, 3, 6, 62, 1, '16.00', '16.00'),
(36, 3, 10, 62, 1, '16.00', '16.00'),
(37, 3, 9, 62, 1, '16.00', '16.00'),
(38, 3, 8, 62, 1, '16.00', '16.00'),
(39, 3, 11, 62, 1, '16.00', '16.00'),
(40, 1, 2, 63, 1, '6.00', '6.00'),
(41, 2, 7, 64, 7, '11.00', '77.00'),
(60, 1, 1, 65, 1, '6.00', '6.00'),
(61, 1, 2, 65, 1, '6.00', '6.00'),
(64, 3, 6, 65, 1, '16.00', '16.00'),
(66, 3, 8, 65, 1, '16.00', '16.00'),
(68, 2, 7, 65, 1, '11.00', '11.00'),
(72, 3, 5, 66, 1, '16.00', '16.00'),
(74, 1, 1, 66, 1, '6.00', '6.00'),
(75, 1, 2, 66, 1, '6.00', '6.00'),
(76, 3, 3, 66, 1, '16.00', '16.00'),
(77, 3, 8, 66, 1, '16.00', '16.00'),
(78, 3, 9, 66, 1, '16.00', '16.00'),
(79, 3, 6, 66, 1, '16.00', '16.00'),
(80, 3, 10, 66, 1, '16.00', '16.00'),
(81, 1, 2, 67, 3, '6.00', '18.00'),
(82, 1, 1, 67, 1, '6.00', '6.00'),
(83, 3, 5, 67, 1, '16.00', '16.00'),
(86, 2, 7, 68, 8, '11.00', '88.00'),
(87, 1, 1, 68, 2, '6.00', '12.00');

--
-- Volcado de datos para la tabla `tmp_factura`
--

INSERT INTO `tmp_factura` (`id_factura`, `usuario_tmp`, `descuento_factura`, `fecha_factura`, `total_factura`, `iva_factura`, `hora_factura`) VALUES
(62, 'GHOSTBB', '0.00', '2021-01-07', '0.00', '0.00', '12:49:36'),
(63, 'GHOSTBB', '0.00', '2021-01-08', '0.00', '0.00', '23:03:30'),
(64, 'GHOSTBB', '0.00', '2021-01-09', '0.00', '0.00', '10:38:13'),
(65, 'GHOSTBB', '0.00', '2021-01-10', '0.00', '0.00', '01:01:08'),
(66, 'GHOSTBB', '0.00', '2021-01-11', '0.00', '0.00', '18:20:32'),
(67, 'GHOSTBB', '0.00', '2021-01-12', '0.00', '0.00', '09:26:16'),
(68, 'GHOSTBB', '0.00', '2021-01-13', '112.00', '12.00', '11:32:22');
COMMIT;

/*!40101 SET CHARACTER_SET_CLIENT=@OLD_CHARACTER_SET_CLIENT */;
/*!40101 SET CHARACTER_SET_RESULTS=@OLD_CHARACTER_SET_RESULTS */;
/*!40101 SET COLLATION_CONNECTION=@OLD_COLLATION_CONNECTION */;
